medicine_id,generic_name,rx_otc_status_ph_reference,therapeutic_category,drug_class,common_uses_conditions,short_description,common_strength,listed_strength_grams_equivalent,dosage_form
MED-001,Paracetamol,OTC,"Pain, fever, and inflammation",Analgesic/antipyretic,Pain and fever,"Analgesic/antipyretic commonly used for pain and fever. Strength shown is a common product example, not a recommended patient dose.",500 mg,0.5,tablet
MED-002,Ibuprofen,OTC,"Pain, fever, and inflammation",NSAID,"Pain, fever, and inflammation","NSAID commonly used for pain, fever, and inflammation. Strength shown is a common product example, not a recommended patient dose.",200 mg,0.2,tablet
MED-003,Naproxen sodium,OTC,"Pain, fever, and inflammation",NSAID,Musculoskeletal pain and dysmenorrhea,"NSAID commonly used for musculoskeletal pain and dysmenorrhea. Strength shown is a common product example, not a recommended patient dose.",220 mg,0.22,tablet
MED-004,Aspirin,OTC,"Pain, fever, and inflammation",Salicylate,Pain and fever; antiplatelet use needs medical advice,"Salicylate commonly used for pain and fever; antiplatelet use needs medical advice. Strength shown is a common product example, not a recommended patient dose.",325 mg,0.325,tablet
MED-005,Celecoxib,Rx,"Pain, fever, and inflammation",COX-2 inhibitor NSAID,Arthritis pain and inflammation,"COX-2 inhibitor NSAID commonly used for arthritis pain and inflammation. Strength shown is a common product example, not a recommended patient dose.",200 mg,0.2,capsule
MED-006,Diclofenac sodium,Rx,"Pain, fever, and inflammation",NSAID,Arthritis and acute pain,"NSAID commonly used for arthritis and acute pain. Strength shown is a common product example, not a recommended patient dose.",50 mg,0.05,tablet
MED-007,Meloxicam,Rx,"Pain, fever, and inflammation",NSAID,Arthritis pain and inflammation,"NSAID commonly used for arthritis pain and inflammation. Strength shown is a common product example, not a recommended patient dose.",7.5 mg,0.0075,tablet
MED-008,Mefenamic acid,Rx,"Pain, fever, and inflammation",NSAID,Short-term pain and dysmenorrhea,"NSAID commonly used for short-term pain and dysmenorrhea. Strength shown is a common product example, not a recommended patient dose.",500 mg,0.5,capsule
MED-009,Ketorolac,Rx,"Pain, fever, and inflammation",NSAID,Short-term moderate to severe pain,"NSAID commonly used for short-term moderate to severe pain. Strength shown is a common product example, not a recommended patient dose.",10 mg,0.01,tablet
MED-010,Etoricoxib,Rx,"Pain, fever, and inflammation",COX-2 inhibitor NSAID,Arthritis and gout pain,"COX-2 inhibitor NSAID commonly used for arthritis and gout pain. Strength shown is a common product example, not a recommended patient dose.",90 mg,0.09,tablet
MED-011,Tramadol,Rx,"Pain, fever, and inflammation",Opioid analgesic,Moderate pain,"Opioid analgesic commonly used for moderate pain. Strength shown is a common product example, not a recommended patient dose.",50 mg,0.05,capsule
MED-012,Morphine sulfate,Rx,"Pain, fever, and inflammation",Opioid analgesic,Severe pain,"Opioid analgesic commonly used for severe pain. Strength shown is a common product example, not a recommended patient dose.",10 mg,0.01,tablet
MED-013,Oxycodone,Rx,"Pain, fever, and inflammation",Opioid analgesic,Moderate to severe pain,"Opioid analgesic commonly used for moderate to severe pain. Strength shown is a common product example, not a recommended patient dose.",5 mg,0.005,tablet
MED-014,Fentanyl,Rx,"Pain, fever, and inflammation",Opioid analgesic,Severe chronic pain,"Opioid analgesic commonly used for severe chronic pain. Strength shown is a common product example, not a recommended patient dose.",25 mcg/hour,0.000025,transdermal patch
MED-015,Lidocaine,Rx,"Pain, fever, and inflammation",Local anesthetic,Local pain relief or anesthesia,"Local anesthetic commonly used for local pain relief or anesthesia. Strength shown is a common product example, not a recommended patient dose.",2% (20 mg/mL),0.02,injection/solution
MED-016,Amoxicillin,Rx,Antibiotics and antibacterials,Penicillin antibiotic,Susceptible bacterial infections,"Penicillin antibiotic commonly used for susceptible bacterial infections. Strength shown is a common product example, not a recommended patient dose.",500 mg,0.5,capsule
MED-017,Amoxicillin + clavulanic acid,Rx,Antibiotics and antibacterials,Penicillin/beta-lactamase inhibitor,Susceptible bacterial infections,"Penicillin/beta-lactamase inhibitor commonly used for susceptible bacterial infections. Strength shown is a common product example, not a recommended patient dose.",625 mg total,,tablet
MED-018,Ampicillin,Rx,Antibiotics and antibacterials,Penicillin antibiotic,Susceptible bacterial infections,"Penicillin antibiotic commonly used for susceptible bacterial infections. Strength shown is a common product example, not a recommended patient dose.",500 mg,0.5,capsule
MED-019,Penicillin V potassium,Rx,Antibiotics and antibacterials,Penicillin antibiotic,Streptococcal and other susceptible infections,"Penicillin antibiotic commonly used for streptococcal and other susceptible infections. Strength shown is a common product example, not a recommended patient dose.",500 mg,0.5,tablet
MED-020,Cloxacillin,Rx,Antibiotics and antibacterials,Penicillinase-resistant penicillin,Susceptible staphylococcal infections,"Penicillinase-resistant penicillin commonly used for susceptible staphylococcal infections. Strength shown is a common product example, not a recommended patient dose.",500 mg,0.5,capsule
MED-021,Cephalexin,Rx,Antibiotics and antibacterials,First-generation cephalosporin,"Skin, urinary, and respiratory bacterial infections","First-generation cephalosporin commonly used for skin, urinary, and respiratory bacterial infections. Strength shown is a common product example, not a recommended patient dose.",500 mg,0.5,capsule
MED-022,Cefuroxime axetil,Rx,Antibiotics and antibacterials,Second-generation cephalosporin,Respiratory and other bacterial infections,"Second-generation cephalosporin commonly used for respiratory and other bacterial infections. Strength shown is a common product example, not a recommended patient dose.",500 mg,0.5,tablet
MED-023,Cefixime,Rx,Antibiotics and antibacterials,Third-generation cephalosporin,Susceptible bacterial infections,"Third-generation cephalosporin commonly used for susceptible bacterial infections. Strength shown is a common product example, not a recommended patient dose.",400 mg,0.4,tablet
MED-024,Ceftriaxone,Rx,Antibiotics and antibacterials,Third-generation cephalosporin,Serious susceptible bacterial infections,"Third-generation cephalosporin commonly used for serious susceptible bacterial infections. Strength shown is a common product example, not a recommended patient dose.",1 g,1,injection vial
MED-025,Azithromycin,Rx,Antibiotics and antibacterials,Macrolide antibiotic,Respiratory and selected bacterial infections,"Macrolide antibiotic commonly used for respiratory and selected bacterial infections. Strength shown is a common product example, not a recommended patient dose.",500 mg,0.5,tablet
MED-026,Clarithromycin,Rx,Antibiotics and antibacterials,Macrolide antibiotic,Respiratory infections and H. pylori regimens,"Macrolide antibiotic commonly used for respiratory infections and h. pylori regimens. Strength shown is a common product example, not a recommended patient dose.",500 mg,0.5,tablet
MED-027,Doxycycline,Rx,Antibiotics and antibacterials,Tetracycline antibiotic,Acne and selected bacterial infections,"Tetracycline antibiotic commonly used for acne and selected bacterial infections. Strength shown is a common product example, not a recommended patient dose.",100 mg,0.1,capsule
MED-028,Ciprofloxacin,Rx,Antibiotics and antibacterials,Fluoroquinolone antibiotic,Selected urinary and gastrointestinal infections,"Fluoroquinolone antibiotic commonly used for selected urinary and gastrointestinal infections. Strength shown is a common product example, not a recommended patient dose.",500 mg,0.5,tablet
MED-029,Levofloxacin,Rx,Antibiotics and antibacterials,Fluoroquinolone antibiotic,Selected respiratory and urinary infections,"Fluoroquinolone antibiotic commonly used for selected respiratory and urinary infections. Strength shown is a common product example, not a recommended patient dose.",500 mg,0.5,tablet
MED-030,Clindamycin,Rx,Antibiotics and antibacterials,Lincosamide antibiotic,"Anaerobic, dental, skin, and other infections","Lincosamide antibiotic commonly used for anaerobic, dental, skin, and other infections. Strength shown is a common product example, not a recommended patient dose.",300 mg,0.3,capsule
MED-031,Fluconazole,Rx,"Antifungal, antiviral, and antiparasitic",Azole antifungal,Candidiasis and other fungal infections,"Azole antifungal commonly used for candidiasis and other fungal infections. Strength shown is a common product example, not a recommended patient dose.",150 mg,0.15,capsule
MED-032,Itraconazole,Rx,"Antifungal, antiviral, and antiparasitic",Azole antifungal,Selected systemic and skin fungal infections,"Azole antifungal commonly used for selected systemic and skin fungal infections. Strength shown is a common product example, not a recommended patient dose.",100 mg,0.1,capsule
MED-033,Ketoconazole,OTC,"Antifungal, antiviral, and antiparasitic",Azole antifungal,Fungal skin conditions,"Azole antifungal commonly used for fungal skin conditions. Strength shown is a common product example, not a recommended patient dose.",2% (20 mg/g),0.02,cream
MED-034,Clotrimazole,OTC,"Antifungal, antiviral, and antiparasitic",Azole antifungal,Fungal skin or vaginal infections,"Azole antifungal commonly used for fungal skin or vaginal infections. Strength shown is a common product example, not a recommended patient dose.",1% (10 mg/g),0.01,cream
MED-035,Miconazole,OTC,"Antifungal, antiviral, and antiparasitic",Azole antifungal,Fungal skin infections,"Azole antifungal commonly used for fungal skin infections. Strength shown is a common product example, not a recommended patient dose.",2% (20 mg/g),0.02,cream
MED-036,Terbinafine,Rx,"Antifungal, antiviral, and antiparasitic",Allylamine antifungal,Dermatophyte skin and nail infections,"Allylamine antifungal commonly used for dermatophyte skin and nail infections. Strength shown is a common product example, not a recommended patient dose.",250 mg,0.25,tablet
MED-037,Nystatin,Rx,"Antifungal, antiviral, and antiparasitic",Polyene antifungal,Oral or skin candidiasis,"Polyene antifungal commonly used for oral or skin candidiasis. Strength shown is a common product example, not a recommended patient dose.","100,000 units/mL",,oral suspension
MED-038,Acyclovir,Rx,"Antifungal, antiviral, and antiparasitic",Antiviral,Herpes simplex and varicella-zoster infections,"Antiviral commonly used for herpes simplex and varicella-zoster infections. Strength shown is a common product example, not a recommended patient dose.",400 mg,0.4,tablet
MED-039,Valacyclovir,Rx,"Antifungal, antiviral, and antiparasitic",Antiviral,Herpes simplex and shingles,"Antiviral commonly used for herpes simplex and shingles. Strength shown is a common product example, not a recommended patient dose.",500 mg,0.5,tablet
MED-040,Oseltamivir,Rx,"Antifungal, antiviral, and antiparasitic",Neuraminidase inhibitor antiviral,Influenza treatment or prevention,"Neuraminidase inhibitor antiviral commonly used for influenza treatment or prevention. Strength shown is a common product example, not a recommended patient dose.",75 mg,0.075,capsule
MED-041,Remdesivir,Rx,"Antifungal, antiviral, and antiparasitic",Antiviral,Selected hospitalized COVID-19 patients,"Antiviral commonly used for selected hospitalized covid-19 patients. Strength shown is a common product example, not a recommended patient dose.",100 mg,0.1,injection vial
MED-042,Albendazole,OTC,"Antifungal, antiviral, and antiparasitic",Anthelmintic,Intestinal worm infections,"Anthelmintic commonly used for intestinal worm infections. Strength shown is a common product example, not a recommended patient dose.",400 mg,0.4,tablet
MED-043,Mebendazole,OTC,"Antifungal, antiviral, and antiparasitic",Anthelmintic,Intestinal worm infections,"Anthelmintic commonly used for intestinal worm infections. Strength shown is a common product example, not a recommended patient dose.",500 mg,0.5,chewable tablet
MED-044,Ivermectin,Rx,"Antifungal, antiviral, and antiparasitic",Antiparasitic,Selected parasitic infections,"Antiparasitic commonly used for selected parasitic infections. Strength shown is a common product example, not a recommended patient dose.",6 mg,0.006,tablet
MED-045,Metronidazole,Rx,"Antifungal, antiviral, and antiparasitic",Nitroimidazole antimicrobial,Anaerobic bacterial and protozoal infections,"Nitroimidazole antimicrobial commonly used for anaerobic bacterial and protozoal infections. Strength shown is a common product example, not a recommended patient dose.",500 mg,0.5,tablet
MED-046,Cetirizine,OTC,"Allergy, cough, and cold",Second-generation antihistamine,Allergic rhinitis and hives,"Second-generation antihistamine commonly used for allergic rhinitis and hives. Strength shown is a common product example, not a recommended patient dose.",10 mg,0.01,tablet
MED-047,Loratadine,OTC,"Allergy, cough, and cold",Second-generation antihistamine,Allergic rhinitis and hives,"Second-generation antihistamine commonly used for allergic rhinitis and hives. Strength shown is a common product example, not a recommended patient dose.",10 mg,0.01,tablet
MED-048,Fexofenadine,OTC,"Allergy, cough, and cold",Second-generation antihistamine,Allergic rhinitis and hives,"Second-generation antihistamine commonly used for allergic rhinitis and hives. Strength shown is a common product example, not a recommended patient dose.",180 mg,0.18,tablet
MED-049,Chlorphenamine maleate,OTC,"Allergy, cough, and cold",First-generation antihistamine,Allergy symptoms,"First-generation antihistamine commonly used for allergy symptoms. Strength shown is a common product example, not a recommended patient dose.",4 mg,0.004,tablet
MED-050,Diphenhydramine,OTC,"Allergy, cough, and cold",First-generation antihistamine,Allergy symptoms and itching,"First-generation antihistamine commonly used for allergy symptoms and itching. Strength shown is a common product example, not a recommended patient dose.",25 mg,0.025,capsule
MED-051,Levocetirizine,Rx,"Allergy, cough, and cold",Second-generation antihistamine,Allergic rhinitis and hives,"Second-generation antihistamine commonly used for allergic rhinitis and hives. Strength shown is a common product example, not a recommended patient dose.",5 mg,0.005,tablet
MED-052,Desloratadine,Rx,"Allergy, cough, and cold",Second-generation antihistamine,Allergic rhinitis and hives,"Second-generation antihistamine commonly used for allergic rhinitis and hives. Strength shown is a common product example, not a recommended patient dose.",5 mg,0.005,tablet
MED-053,Pseudoephedrine,Pharmacist-only/controlled sale,"Allergy, cough, and cold",Decongestant,Temporary nasal congestion,"Decongestant commonly used for temporary nasal congestion. Strength shown is a common product example, not a recommended patient dose.",60 mg,0.06,tablet
MED-054,Phenylephrine,OTC,"Allergy, cough, and cold",Decongestant,Temporary nasal congestion,"Decongestant commonly used for temporary nasal congestion. Strength shown is a common product example, not a recommended patient dose.",10 mg,0.01,tablet
MED-055,Oxymetazoline,OTC,"Allergy, cough, and cold",Topical nasal decongestant,Short-term nasal congestion,"Topical nasal decongestant commonly used for short-term nasal congestion. Strength shown is a common product example, not a recommended patient dose.",0.05% (0.5 mg/mL),0.0005,nasal spray
MED-056,Dextromethorphan,OTC,"Allergy, cough, and cold",Antitussive,Temporary dry cough,"Antitussive commonly used for temporary dry cough. Strength shown is a common product example, not a recommended patient dose.",15 mg/5 mL,0.015,syrup
MED-057,Guaifenesin,OTC,"Allergy, cough, and cold",Expectorant,Chest congestion with mucus,"Expectorant commonly used for chest congestion with mucus. Strength shown is a common product example, not a recommended patient dose.",100 mg/5 mL,0.1,syrup
MED-058,Ambroxol,OTC,"Allergy, cough, and cold",Mucolytic/expectorant,Cough with thick mucus,"Mucolytic/expectorant commonly used for cough with thick mucus. Strength shown is a common product example, not a recommended patient dose.",30 mg,0.03,tablet
MED-059,Carbocisteine,OTC,"Allergy, cough, and cold",Mucolytic,Cough with thick mucus,"Mucolytic commonly used for cough with thick mucus. Strength shown is a common product example, not a recommended patient dose.",500 mg,0.5,capsule
MED-060,Acetylcysteine,OTC,"Allergy, cough, and cold",Mucolytic,Thick respiratory secretions,"Mucolytic commonly used for thick respiratory secretions. Strength shown is a common product example, not a recommended patient dose.",600 mg,0.6,effervescent tablet
MED-061,Salbutamol,Rx,Asthma and respiratory maintenance,Short-acting beta2 agonist,Rapid relief of bronchospasm,"Short-acting beta2 agonist commonly used for rapid relief of bronchospasm. Strength shown is a common product example, not a recommended patient dose.",100 mcg/dose,0.0001,inhaler
MED-062,Terbutaline,Rx,Asthma and respiratory maintenance,Short-acting beta2 agonist,Bronchospasm,"Short-acting beta2 agonist commonly used for bronchospasm. Strength shown is a common product example, not a recommended patient dose.",2.5 mg,0.0025,tablet
MED-063,Ipratropium bromide,Rx,Asthma and respiratory maintenance,Short-acting antimuscarinic,Bronchospasm in COPD or asthma,"Short-acting antimuscarinic commonly used for bronchospasm in copd or asthma. Strength shown is a common product example, not a recommended patient dose.",20 mcg/dose,0.00002,inhaler
MED-064,Tiotropium bromide,Rx,Asthma and respiratory maintenance,Long-acting antimuscarinic,COPD or asthma maintenance,"Long-acting antimuscarinic commonly used for copd or asthma maintenance. Strength shown is a common product example, not a recommended patient dose.",18 mcg,0.000018,inhalation capsule
MED-065,Budesonide,Rx,Asthma and respiratory maintenance,Inhaled corticosteroid,Asthma maintenance,"Inhaled corticosteroid commonly used for asthma maintenance. Strength shown is a common product example, not a recommended patient dose.",200 mcg/dose,0.0002,inhaler
MED-066,Fluticasone propionate inhaled,Rx,Asthma and respiratory maintenance,Inhaled corticosteroid,Asthma maintenance,"Inhaled corticosteroid commonly used for asthma maintenance. Strength shown is a common product example, not a recommended patient dose.",125 mcg/dose,0.000125,inhaler
MED-067,Beclometasone dipropionate,Rx,Asthma and respiratory maintenance,Inhaled corticosteroid,Asthma maintenance,"Inhaled corticosteroid commonly used for asthma maintenance. Strength shown is a common product example, not a recommended patient dose.",100 mcg/dose,0.0001,inhaler
MED-068,Formoterol,Rx,Asthma and respiratory maintenance,Long-acting beta2 agonist,Asthma or COPD maintenance with controller therapy,"Long-acting beta2 agonist commonly used for asthma or copd maintenance with controller therapy. Strength shown is a common product example, not a recommended patient dose.",12 mcg,0.000012,inhalation capsule
MED-069,Salmeterol,Rx,Asthma and respiratory maintenance,Long-acting beta2 agonist,Asthma or COPD maintenance with controller therapy,"Long-acting beta2 agonist commonly used for asthma or copd maintenance with controller therapy. Strength shown is a common product example, not a recommended patient dose.",50 mcg/dose,0.00005,inhaler
MED-070,Budesonide + formoterol,Rx,Asthma and respiratory maintenance,ICS/LABA combination,Asthma or COPD maintenance,"ICS/LABA combination commonly used for asthma or copd maintenance. Strength shown is a common product example, not a recommended patient dose.",160/4.5 mcg per dose,,inhaler
MED-071,Fluticasone + salmeterol,Rx,Asthma and respiratory maintenance,ICS/LABA combination,Asthma or COPD maintenance,"ICS/LABA combination commonly used for asthma or copd maintenance. Strength shown is a common product example, not a recommended patient dose.",250/50 mcg per dose,,inhaler
MED-072,Montelukast,Rx,Asthma and respiratory maintenance,Leukotriene receptor antagonist,Asthma maintenance and allergic rhinitis,"Leukotriene receptor antagonist commonly used for asthma maintenance and allergic rhinitis. Strength shown is a common product example, not a recommended patient dose.",10 mg,0.01,tablet
MED-073,Theophylline,Rx,Asthma and respiratory maintenance,Methylxanthine bronchodilator,Selected asthma or COPD maintenance,"Methylxanthine bronchodilator commonly used for selected asthma or copd maintenance. Strength shown is a common product example, not a recommended patient dose.",200 mg,0.2,extended-release tablet
MED-074,Roflumilast,Rx,Asthma and respiratory maintenance,PDE-4 inhibitor,Exacerbation reduction in severe COPD,"PDE-4 inhibitor commonly used for exacerbation reduction in severe copd. Strength shown is a common product example, not a recommended patient dose.",500 mcg,0.0005,tablet
MED-075,Omalizumab,Rx,Asthma and respiratory maintenance,Anti-IgE monoclonal antibody,Selected severe allergic asthma or urticaria,"Anti-IgE monoclonal antibody commonly used for selected severe allergic asthma or urticaria. Strength shown is a common product example, not a recommended patient dose.",150 mg,0.15,injection vial
MED-076,Omeprazole,OTC,Gastrointestinal conditions,Proton-pump inhibitor,Acid reflux and peptic ulcer disease,"Proton-pump inhibitor commonly used for acid reflux and peptic ulcer disease. Strength shown is a common product example, not a recommended patient dose.",20 mg,0.02,capsule
MED-077,Pantoprazole,Rx,Gastrointestinal conditions,Proton-pump inhibitor,Acid reflux and peptic ulcer disease,"Proton-pump inhibitor commonly used for acid reflux and peptic ulcer disease. Strength shown is a common product example, not a recommended patient dose.",40 mg,0.04,tablet
MED-078,Esomeprazole,Rx,Gastrointestinal conditions,Proton-pump inhibitor,Acid reflux and peptic ulcer disease,"Proton-pump inhibitor commonly used for acid reflux and peptic ulcer disease. Strength shown is a common product example, not a recommended patient dose.",20 mg,0.02,capsule
MED-079,Lansoprazole,Rx,Gastrointestinal conditions,Proton-pump inhibitor,Acid reflux and peptic ulcer disease,"Proton-pump inhibitor commonly used for acid reflux and peptic ulcer disease. Strength shown is a common product example, not a recommended patient dose.",30 mg,0.03,capsule
MED-080,Famotidine,OTC,Gastrointestinal conditions,H2-receptor blocker,Heartburn and acid-related conditions,"H2-receptor blocker commonly used for heartburn and acid-related conditions. Strength shown is a common product example, not a recommended patient dose.",20 mg,0.02,tablet
MED-081,Aluminum hydroxide + magnesium hydroxide,OTC,Gastrointestinal conditions,Antacid,Short-term heartburn and indigestion,"Antacid commonly used for short-term heartburn and indigestion. Strength shown is a common product example, not a recommended patient dose.",200/200 mg per 5 mL,,suspension
MED-082,Calcium carbonate,OTC,Gastrointestinal conditions,Antacid,Heartburn and acid indigestion,"Antacid commonly used for heartburn and acid indigestion. Strength shown is a common product example, not a recommended patient dose.",500 mg,0.5,chewable tablet
MED-083,Bismuth subsalicylate,OTC,Gastrointestinal conditions,Antidiarrheal/antacid,"Diarrhea, indigestion, and nausea","Antidiarrheal/antacid commonly used for diarrhea, indigestion, and nausea. Strength shown is a common product example, not a recommended patient dose.",262 mg,0.262,chewable tablet
MED-084,Loperamide,OTC,Gastrointestinal conditions,Antidiarrheal,Short-term uncomplicated diarrhea,"Antidiarrheal commonly used for short-term uncomplicated diarrhea. Strength shown is a common product example, not a recommended patient dose.",2 mg,0.002,capsule
MED-085,Oral rehydration salts,OTC,Gastrointestinal conditions,Electrolyte/glucose replacement,Prevention or treatment of dehydration from diarrhea,"Electrolyte/glucose replacement commonly used for prevention or treatment of dehydration from diarrhea. Strength shown is a common product example, not a recommended patient dose.",20.5 g/sachet,20.5,powder for solution
MED-086,Hyoscine butylbromide,OTC,Gastrointestinal conditions,Antispasmodic,Abdominal cramping and smooth-muscle spasm,"Antispasmodic commonly used for abdominal cramping and smooth-muscle spasm. Strength shown is a common product example, not a recommended patient dose.",10 mg,0.01,tablet
MED-087,Dicycloverine,Rx,Gastrointestinal conditions,Antispasmodic,Intestinal cramping,"Antispasmodic commonly used for intestinal cramping. Strength shown is a common product example, not a recommended patient dose.",10 mg,0.01,capsule
MED-088,Ondansetron,Rx,Gastrointestinal conditions,5-HT3 antagonist antiemetic,Prevention or treatment of nausea and vomiting,"5-HT3 antagonist antiemetic commonly used for prevention or treatment of nausea and vomiting. Strength shown is a common product example, not a recommended patient dose.",4 mg,0.004,tablet
MED-089,Domperidone,Rx,Gastrointestinal conditions,Dopamine antagonist/prokinetic,Selected nausea and motility disorders,"Dopamine antagonist/prokinetic commonly used for selected nausea and motility disorders. Strength shown is a common product example, not a recommended patient dose.",10 mg,0.01,tablet
MED-090,Lactulose,OTC,Gastrointestinal conditions,Osmotic laxative,Constipation and selected hepatic encephalopathy care,"Osmotic laxative commonly used for constipation and selected hepatic encephalopathy care. Strength shown is a common product example, not a recommended patient dose.",10 g/15 mL,10,oral solution
MED-091,Metformin,Rx,Diabetes and glucose control,Biguanide,Type 2 diabetes maintenance,"Biguanide commonly used for type 2 diabetes maintenance. Strength shown is a common product example, not a recommended patient dose.",500 mg,0.5,tablet
MED-092,Gliclazide,Rx,Diabetes and glucose control,Sulfonylurea,Type 2 diabetes maintenance,"Sulfonylurea commonly used for type 2 diabetes maintenance. Strength shown is a common product example, not a recommended patient dose.",80 mg,0.08,tablet
MED-093,Glimepiride,Rx,Diabetes and glucose control,Sulfonylurea,Type 2 diabetes maintenance,"Sulfonylurea commonly used for type 2 diabetes maintenance. Strength shown is a common product example, not a recommended patient dose.",2 mg,0.002,tablet
MED-094,Glipizide,Rx,Diabetes and glucose control,Sulfonylurea,Type 2 diabetes maintenance,"Sulfonylurea commonly used for type 2 diabetes maintenance. Strength shown is a common product example, not a recommended patient dose.",5 mg,0.005,tablet
MED-095,Sitagliptin,Rx,Diabetes and glucose control,DPP-4 inhibitor,Type 2 diabetes maintenance,"DPP-4 inhibitor commonly used for type 2 diabetes maintenance. Strength shown is a common product example, not a recommended patient dose.",100 mg,0.1,tablet
MED-096,Linagliptin,Rx,Diabetes and glucose control,DPP-4 inhibitor,Type 2 diabetes maintenance,"DPP-4 inhibitor commonly used for type 2 diabetes maintenance. Strength shown is a common product example, not a recommended patient dose.",5 mg,0.005,tablet
MED-097,Vildagliptin,Rx,Diabetes and glucose control,DPP-4 inhibitor,Type 2 diabetes maintenance,"DPP-4 inhibitor commonly used for type 2 diabetes maintenance. Strength shown is a common product example, not a recommended patient dose.",50 mg,0.05,tablet
MED-098,Empagliflozin,Rx,Diabetes and glucose control,SGLT2 inhibitor,Type 2 diabetes; selected heart and kidney protection,"SGLT2 inhibitor commonly used for type 2 diabetes; selected heart and kidney protection. Strength shown is a common product example, not a recommended patient dose.",10 mg,0.01,tablet
MED-099,Dapagliflozin,Rx,Diabetes and glucose control,SGLT2 inhibitor,Type 2 diabetes; selected heart and kidney protection,"SGLT2 inhibitor commonly used for type 2 diabetes; selected heart and kidney protection. Strength shown is a common product example, not a recommended patient dose.",10 mg,0.01,tablet
MED-100,Canagliflozin,Rx,Diabetes and glucose control,SGLT2 inhibitor,Type 2 diabetes maintenance,"SGLT2 inhibitor commonly used for type 2 diabetes maintenance. Strength shown is a common product example, not a recommended patient dose.",100 mg,0.1,tablet
MED-101,Pioglitazone,Rx,Diabetes and glucose control,Thiazolidinedione,Type 2 diabetes maintenance,"Thiazolidinedione commonly used for type 2 diabetes maintenance. Strength shown is a common product example, not a recommended patient dose.",15 mg,0.015,tablet
MED-102,Acarbose,Rx,Diabetes and glucose control,Alpha-glucosidase inhibitor,Post-meal glucose control in type 2 diabetes,"Alpha-glucosidase inhibitor commonly used for post-meal glucose control in type 2 diabetes. Strength shown is a common product example, not a recommended patient dose.",50 mg,0.05,tablet
MED-103,Insulin regular human,Rx,Diabetes and glucose control,Short-acting insulin,Diabetes requiring insulin,"Short-acting insulin commonly used for diabetes requiring insulin. Strength shown is a common product example, not a recommended patient dose.",100 units/mL,,injection
MED-104,Insulin glargine,Rx,Diabetes and glucose control,Long-acting insulin,Basal glucose control in diabetes,"Long-acting insulin commonly used for basal glucose control in diabetes. Strength shown is a common product example, not a recommended patient dose.",100 units/mL,,injection
MED-105,Semaglutide,Rx,Diabetes and glucose control,GLP-1 receptor agonist,Type 2 diabetes and selected weight management,"GLP-1 receptor agonist commonly used for type 2 diabetes and selected weight management. Strength shown is a common product example, not a recommended patient dose.",0.25 mg/dose,0.00025,injection pen
MED-106,Amlodipine,Rx,Blood pressure and heart conditions,Calcium-channel blocker,Hypertension and angina maintenance,"Calcium-channel blocker commonly used for hypertension and angina maintenance. Strength shown is a common product example, not a recommended patient dose.",5 mg,0.005,tablet
MED-107,Nifedipine extended-release,Rx,Blood pressure and heart conditions,Calcium-channel blocker,Hypertension and angina maintenance,"Calcium-channel blocker commonly used for hypertension and angina maintenance. Strength shown is a common product example, not a recommended patient dose.",30 mg,0.03,extended-release tablet
MED-108,Verapamil,Rx,Blood pressure and heart conditions,Calcium-channel blocker,Hypertension and selected arrhythmias,"Calcium-channel blocker commonly used for hypertension and selected arrhythmias. Strength shown is a common product example, not a recommended patient dose.",80 mg,0.08,tablet
MED-109,Diltiazem,Rx,Blood pressure and heart conditions,Calcium-channel blocker,"Hypertension, angina, and selected arrhythmias","Calcium-channel blocker commonly used for hypertension, angina, and selected arrhythmias. Strength shown is a common product example, not a recommended patient dose.",120 mg,0.12,extended-release capsule
MED-110,Enalapril,Rx,Blood pressure and heart conditions,ACE inhibitor,Hypertension and heart failure,"ACE inhibitor commonly used for hypertension and heart failure. Strength shown is a common product example, not a recommended patient dose.",10 mg,0.01,tablet
MED-111,Lisinopril,Rx,Blood pressure and heart conditions,ACE inhibitor,Hypertension and heart failure,"ACE inhibitor commonly used for hypertension and heart failure. Strength shown is a common product example, not a recommended patient dose.",10 mg,0.01,tablet
MED-112,Ramipril,Rx,Blood pressure and heart conditions,ACE inhibitor,Hypertension and cardiovascular risk reduction,"ACE inhibitor commonly used for hypertension and cardiovascular risk reduction. Strength shown is a common product example, not a recommended patient dose.",5 mg,0.005,capsule
MED-113,Losartan,Rx,Blood pressure and heart conditions,Angiotensin receptor blocker,Hypertension and kidney protection in selected patients,"Angiotensin receptor blocker commonly used for hypertension and kidney protection in selected patients. Strength shown is a common product example, not a recommended patient dose.",50 mg,0.05,tablet
MED-114,Valsartan,Rx,Blood pressure and heart conditions,Angiotensin receptor blocker,Hypertension and heart failure,"Angiotensin receptor blocker commonly used for hypertension and heart failure. Strength shown is a common product example, not a recommended patient dose.",80 mg,0.08,tablet
MED-115,Telmisartan,Rx,Blood pressure and heart conditions,Angiotensin receptor blocker,Hypertension maintenance,"Angiotensin receptor blocker commonly used for hypertension maintenance. Strength shown is a common product example, not a recommended patient dose.",40 mg,0.04,tablet
MED-116,Candesartan,Rx,Blood pressure and heart conditions,Angiotensin receptor blocker,Hypertension and heart failure,"Angiotensin receptor blocker commonly used for hypertension and heart failure. Strength shown is a common product example, not a recommended patient dose.",8 mg,0.008,tablet
MED-117,Metoprolol tartrate,Rx,Blood pressure and heart conditions,Beta blocker,"Hypertension, angina, and selected heart conditions","Beta blocker commonly used for hypertension, angina, and selected heart conditions. Strength shown is a common product example, not a recommended patient dose.",50 mg,0.05,tablet
MED-118,Bisoprolol,Rx,Blood pressure and heart conditions,Beta blocker,Hypertension and heart failure,"Beta blocker commonly used for hypertension and heart failure. Strength shown is a common product example, not a recommended patient dose.",5 mg,0.005,tablet
MED-119,Carvedilol,Rx,Blood pressure and heart conditions,Alpha/beta blocker,Heart failure and hypertension,"Alpha/beta blocker commonly used for heart failure and hypertension. Strength shown is a common product example, not a recommended patient dose.",6.25 mg,0.00625,tablet
MED-120,Hydralazine,Rx,Blood pressure and heart conditions,Direct vasodilator,Hypertension and selected heart failure regimens,"Direct vasodilator commonly used for hypertension and selected heart failure regimens. Strength shown is a common product example, not a recommended patient dose.",25 mg,0.025,tablet
MED-121,Hydrochlorothiazide,Rx,"Diuretics, heart failure, and angina",Thiazide diuretic,Hypertension and edema,"Thiazide diuretic commonly used for hypertension and edema. Strength shown is a common product example, not a recommended patient dose.",25 mg,0.025,tablet
MED-122,Chlorthalidone,Rx,"Diuretics, heart failure, and angina",Thiazide-like diuretic,Hypertension and edema,"Thiazide-like diuretic commonly used for hypertension and edema. Strength shown is a common product example, not a recommended patient dose.",25 mg,0.025,tablet
MED-123,Furosemide,Rx,"Diuretics, heart failure, and angina",Loop diuretic,Edema and heart failure,"Loop diuretic commonly used for edema and heart failure. Strength shown is a common product example, not a recommended patient dose.",40 mg,0.04,tablet
MED-124,Bumetanide,Rx,"Diuretics, heart failure, and angina",Loop diuretic,Edema and heart failure,"Loop diuretic commonly used for edema and heart failure. Strength shown is a common product example, not a recommended patient dose.",1 mg,0.001,tablet
MED-125,Spironolactone,Rx,"Diuretics, heart failure, and angina",Aldosterone antagonist diuretic,"Heart failure, edema, and selected hormonal conditions","Aldosterone antagonist diuretic commonly used for heart failure, edema, and selected hormonal conditions. Strength shown is a common product example, not a recommended patient dose.",25 mg,0.025,tablet
MED-126,Eplerenone,Rx,"Diuretics, heart failure, and angina",Aldosterone antagonist,Heart failure and hypertension,"Aldosterone antagonist commonly used for heart failure and hypertension. Strength shown is a common product example, not a recommended patient dose.",25 mg,0.025,tablet
MED-127,Amiloride,Rx,"Diuretics, heart failure, and angina",Potassium-sparing diuretic,Edema or hypertension in selected combinations,"Potassium-sparing diuretic commonly used for edema or hypertension in selected combinations. Strength shown is a common product example, not a recommended patient dose.",5 mg,0.005,tablet
MED-128,Digoxin,Rx,"Diuretics, heart failure, and angina",Cardiac glycoside,Selected heart failure and atrial fibrillation,"Cardiac glycoside commonly used for selected heart failure and atrial fibrillation. Strength shown is a common product example, not a recommended patient dose.",0.25 mg,0.00025,tablet
MED-129,Ivabradine,Rx,"Diuretics, heart failure, and angina",Heart-rate lowering agent,Selected chronic heart failure or angina,"Heart-rate lowering agent commonly used for selected chronic heart failure or angina. Strength shown is a common product example, not a recommended patient dose.",5 mg,0.005,tablet
MED-130,Sacubitril + valsartan,Rx,"Diuretics, heart failure, and angina",ARNI combination,Selected chronic heart failure,"ARNI combination commonly used for selected chronic heart failure. Strength shown is a common product example, not a recommended patient dose.",50 mg total,,tablet
MED-131,Isosorbide mononitrate,Rx,"Diuretics, heart failure, and angina",Nitrate vasodilator,Angina prevention,"Nitrate vasodilator commonly used for angina prevention. Strength shown is a common product example, not a recommended patient dose.",30 mg,0.03,extended-release tablet
MED-132,Nitroglycerin,Rx,"Diuretics, heart failure, and angina",Nitrate vasodilator,Rapid relief of angina,"Nitrate vasodilator commonly used for rapid relief of angina. Strength shown is a common product example, not a recommended patient dose.",0.4 mg/dose,0.0004,sublingual spray/tablet
MED-133,Ranolazine,Rx,"Diuretics, heart failure, and angina",Antianginal,Chronic angina,"Antianginal commonly used for chronic angina. Strength shown is a common product example, not a recommended patient dose.",500 mg,0.5,extended-release tablet
MED-134,Dapagliflozin for heart failure,Rx,"Diuretics, heart failure, and angina",SGLT2 inhibitor,Selected chronic heart failure,"SGLT2 inhibitor commonly used for selected chronic heart failure. Strength shown is a common product example, not a recommended patient dose.",10 mg,0.01,tablet
MED-135,Potassium chloride,Rx,"Diuretics, heart failure, and angina",Electrolyte replacement,Prevention or treatment of potassium deficiency,"Electrolyte replacement commonly used for prevention or treatment of potassium deficiency. Strength shown is a common product example, not a recommended patient dose.",750 mg (10 mEq),0.75,extended-release tablet
MED-136,Atorvastatin,Rx,Cholesterol and vascular protection,Statin,High cholesterol and cardiovascular risk reduction,"Statin commonly used for high cholesterol and cardiovascular risk reduction. Strength shown is a common product example, not a recommended patient dose.",20 mg,0.02,tablet
MED-137,Rosuvastatin,Rx,Cholesterol and vascular protection,Statin,High cholesterol and cardiovascular risk reduction,"Statin commonly used for high cholesterol and cardiovascular risk reduction. Strength shown is a common product example, not a recommended patient dose.",10 mg,0.01,tablet
MED-138,Simvastatin,Rx,Cholesterol and vascular protection,Statin,High cholesterol and cardiovascular risk reduction,"Statin commonly used for high cholesterol and cardiovascular risk reduction. Strength shown is a common product example, not a recommended patient dose.",20 mg,0.02,tablet
MED-139,Pravastatin,Rx,Cholesterol and vascular protection,Statin,High cholesterol and cardiovascular risk reduction,"Statin commonly used for high cholesterol and cardiovascular risk reduction. Strength shown is a common product example, not a recommended patient dose.",40 mg,0.04,tablet
MED-140,Fluvastatin,Rx,Cholesterol and vascular protection,Statin,High cholesterol,"Statin commonly used for high cholesterol. Strength shown is a common product example, not a recommended patient dose.",40 mg,0.04,capsule
MED-141,Pitavastatin,Rx,Cholesterol and vascular protection,Statin,High cholesterol,"Statin commonly used for high cholesterol. Strength shown is a common product example, not a recommended patient dose.",2 mg,0.002,tablet
MED-142,Ezetimibe,Rx,Cholesterol and vascular protection,Cholesterol absorption inhibitor,High cholesterol,"Cholesterol absorption inhibitor commonly used for high cholesterol. Strength shown is a common product example, not a recommended patient dose.",10 mg,0.01,tablet
MED-143,Fenofibrate,Rx,Cholesterol and vascular protection,Fibrate,High triglycerides and mixed dyslipidemia,"Fibrate commonly used for high triglycerides and mixed dyslipidemia. Strength shown is a common product example, not a recommended patient dose.",145 mg,0.145,tablet
MED-144,Gemfibrozil,Rx,Cholesterol and vascular protection,Fibrate,High triglycerides,"Fibrate commonly used for high triglycerides. Strength shown is a common product example, not a recommended patient dose.",600 mg,0.6,tablet
MED-145,Cholestyramine,Rx,Cholesterol and vascular protection,Bile acid sequestrant,High cholesterol or selected bile-acid diarrhea,"Bile acid sequestrant commonly used for high cholesterol or selected bile-acid diarrhea. Strength shown is a common product example, not a recommended patient dose.",4 g/sachet,4,powder
MED-146,Evolocumab,Rx,Cholesterol and vascular protection,PCSK9 inhibitor,Selected high cholesterol and cardiovascular risk reduction,"PCSK9 inhibitor commonly used for selected high cholesterol and cardiovascular risk reduction. Strength shown is a common product example, not a recommended patient dose.",140 mg/mL,0.14,injection
MED-147,Alirocumab,Rx,Cholesterol and vascular protection,PCSK9 inhibitor,Selected high cholesterol and cardiovascular risk reduction,"PCSK9 inhibitor commonly used for selected high cholesterol and cardiovascular risk reduction. Strength shown is a common product example, not a recommended patient dose.",75 mg/mL,0.075,injection
MED-148,Omega-3-acid ethyl esters,Rx,Cholesterol and vascular protection,Lipid-lowering omega-3,Severe hypertriglyceridemia,"Lipid-lowering omega-3 commonly used for severe hypertriglyceridemia. Strength shown is a common product example, not a recommended patient dose.",1 g,1,capsule
MED-149,Icosapent ethyl,Rx,Cholesterol and vascular protection,EPA lipid-lowering agent,High triglycerides and selected cardiovascular risk reduction,"EPA lipid-lowering agent commonly used for high triglycerides and selected cardiovascular risk reduction. Strength shown is a common product example, not a recommended patient dose.",1 g,1,capsule
MED-150,Bempedoic acid,Rx,Cholesterol and vascular protection,ATP-citrate lyase inhibitor,Selected high cholesterol,"ATP-citrate lyase inhibitor commonly used for selected high cholesterol. Strength shown is a common product example, not a recommended patient dose.",180 mg,0.18,tablet
MED-151,Clopidogrel,Rx,Blood clotting and anemia,Antiplatelet,Prevention of arterial clot-related events,"Antiplatelet commonly used for prevention of arterial clot-related events. Strength shown is a common product example, not a recommended patient dose.",75 mg,0.075,tablet
MED-152,Ticagrelor,Rx,Blood clotting and anemia,Antiplatelet,Prevention of arterial clot-related events,"Antiplatelet commonly used for prevention of arterial clot-related events. Strength shown is a common product example, not a recommended patient dose.",90 mg,0.09,tablet
MED-153,Prasugrel,Rx,Blood clotting and anemia,Antiplatelet,Selected patients after coronary intervention,"Antiplatelet commonly used for selected patients after coronary intervention. Strength shown is a common product example, not a recommended patient dose.",10 mg,0.01,tablet
MED-154,Warfarin,Rx,Blood clotting and anemia,Vitamin K antagonist anticoagulant,Prevention or treatment of blood clots,"Vitamin K antagonist anticoagulant commonly used for prevention or treatment of blood clots. Strength shown is a common product example, not a recommended patient dose.",5 mg,0.005,tablet
MED-155,Apixaban,Rx,Blood clotting and anemia,Direct factor Xa inhibitor,Prevention or treatment of blood clots,"Direct factor Xa inhibitor commonly used for prevention or treatment of blood clots. Strength shown is a common product example, not a recommended patient dose.",5 mg,0.005,tablet
MED-156,Rivaroxaban,Rx,Blood clotting and anemia,Direct factor Xa inhibitor,Prevention or treatment of blood clots,"Direct factor Xa inhibitor commonly used for prevention or treatment of blood clots. Strength shown is a common product example, not a recommended patient dose.",20 mg,0.02,tablet
MED-157,Dabigatran etexilate,Rx,Blood clotting and anemia,Direct thrombin inhibitor,Prevention or treatment of blood clots,"Direct thrombin inhibitor commonly used for prevention or treatment of blood clots. Strength shown is a common product example, not a recommended patient dose.",150 mg,0.15,capsule
MED-158,Enoxaparin,Rx,Blood clotting and anemia,Low-molecular-weight heparin,Prevention or treatment of blood clots,"Low-molecular-weight heparin commonly used for prevention or treatment of blood clots. Strength shown is a common product example, not a recommended patient dose.",40 mg/0.4 mL,0.04,injection
MED-159,Heparin sodium,Rx,Blood clotting and anemia,Anticoagulant,Prevention or treatment of blood clots,"Anticoagulant commonly used for prevention or treatment of blood clots. Strength shown is a common product example, not a recommended patient dose.","5,000 units/mL",,injection
MED-160,Ferrous sulfate,OTC,Blood clotting and anemia,Iron supplement,Iron-deficiency anemia,"Iron supplement commonly used for iron-deficiency anemia. Strength shown is a common product example, not a recommended patient dose.",325 mg,0.325,tablet
MED-161,Ferrous fumarate,OTC,Blood clotting and anemia,Iron supplement,Iron-deficiency anemia,"Iron supplement commonly used for iron-deficiency anemia. Strength shown is a common product example, not a recommended patient dose.",200 mg,0.2,tablet
MED-162,Folic acid,Rx,Blood clotting and anemia,Vitamin B9,Folate deficiency and pregnancy supplementation,"Vitamin B9 commonly used for folate deficiency and pregnancy supplementation. Strength shown is a common product example, not a recommended patient dose.",5 mg,0.005,tablet
MED-163,Epoetin alfa,Rx,Blood clotting and anemia,Erythropoiesis-stimulating agent,Selected anemia due to kidney disease or therapy,"Erythropoiesis-stimulating agent commonly used for selected anemia due to kidney disease or therapy. Strength shown is a common product example, not a recommended patient dose.","4,000 units/mL",,injection
MED-164,Tranexamic acid,Rx,Blood clotting and anemia,Antifibrinolytic,Reduction of excessive bleeding,"Antifibrinolytic commonly used for reduction of excessive bleeding. Strength shown is a common product example, not a recommended patient dose.",500 mg,0.5,tablet
MED-165,Phytonadione,Rx,Blood clotting and anemia,Vitamin K1,Vitamin K deficiency or warfarin reversal,"Vitamin K1 commonly used for vitamin k deficiency or warfarin reversal. Strength shown is a common product example, not a recommended patient dose.",10 mg/mL,0.01,injection
MED-166,Carbamazepine,Rx,Neurologic conditions and seizures,Antiseizure medicine,Focal seizures and selected neuralgias,"Antiseizure medicine commonly used for focal seizures and selected neuralgias. Strength shown is a common product example, not a recommended patient dose.",200 mg,0.2,tablet
MED-167,Valproic acid,Rx,Neurologic conditions and seizures,Antiseizure medicine,Seizures and selected mood disorders,"Antiseizure medicine commonly used for seizures and selected mood disorders. Strength shown is a common product example, not a recommended patient dose.",250 mg,0.25,capsule
MED-168,Levetiracetam,Rx,Neurologic conditions and seizures,Antiseizure medicine,Focal and generalized seizures,"Antiseizure medicine commonly used for focal and generalized seizures. Strength shown is a common product example, not a recommended patient dose.",500 mg,0.5,tablet
MED-169,Lamotrigine,Rx,Neurologic conditions and seizures,Antiseizure medicine,Seizures and bipolar maintenance,"Antiseizure medicine commonly used for seizures and bipolar maintenance. Strength shown is a common product example, not a recommended patient dose.",100 mg,0.1,tablet
MED-170,Phenytoin,Rx,Neurologic conditions and seizures,Antiseizure medicine,Selected seizure disorders,"Antiseizure medicine commonly used for selected seizure disorders. Strength shown is a common product example, not a recommended patient dose.",100 mg,0.1,capsule
MED-171,Phenobarbital,Rx,Neurologic conditions and seizures,Barbiturate antiseizure medicine,Selected seizure disorders,"Barbiturate antiseizure medicine commonly used for selected seizure disorders. Strength shown is a common product example, not a recommended patient dose.",60 mg,0.06,tablet
MED-172,Topiramate,Rx,Neurologic conditions and seizures,Antiseizure medicine,Seizures and migraine prevention,"Antiseizure medicine commonly used for seizures and migraine prevention. Strength shown is a common product example, not a recommended patient dose.",50 mg,0.05,tablet
MED-173,Gabapentin,Rx,Neurologic conditions and seizures,Gabapentinoid,Neuropathic pain and adjunctive seizure therapy,"Gabapentinoid commonly used for neuropathic pain and adjunctive seizure therapy. Strength shown is a common product example, not a recommended patient dose.",300 mg,0.3,capsule
MED-174,Pregabalin,Rx,Neurologic conditions and seizures,Gabapentinoid,Neuropathic pain and selected seizure therapy,"Gabapentinoid commonly used for neuropathic pain and selected seizure therapy. Strength shown is a common product example, not a recommended patient dose.",75 mg,0.075,capsule
MED-175,Baclofen,Rx,Neurologic conditions and seizures,Muscle relaxant,Spasticity,"Muscle relaxant commonly used for spasticity. Strength shown is a common product example, not a recommended patient dose.",10 mg,0.01,tablet
MED-176,Tizanidine,Rx,Neurologic conditions and seizures,Muscle relaxant,Spasticity,"Muscle relaxant commonly used for spasticity. Strength shown is a common product example, not a recommended patient dose.",2 mg,0.002,tablet
MED-177,Levodopa + carbidopa,Rx,Neurologic conditions and seizures,Dopaminergic combination,Parkinson disease symptoms,"Dopaminergic combination commonly used for parkinson disease symptoms. Strength shown is a common product example, not a recommended patient dose.",100/25 mg,,tablet
MED-178,Pramipexole,Rx,Neurologic conditions and seizures,Dopamine agonist,Parkinson disease and restless legs syndrome,"Dopamine agonist commonly used for parkinson disease and restless legs syndrome. Strength shown is a common product example, not a recommended patient dose.",0.25 mg,0.00025,tablet
MED-179,Donepezil,Rx,Neurologic conditions and seizures,Cholinesterase inhibitor,Symptoms of Alzheimer disease,"Cholinesterase inhibitor commonly used for symptoms of alzheimer disease. Strength shown is a common product example, not a recommended patient dose.",5 mg,0.005,tablet
MED-180,Sumatriptan,Rx,Neurologic conditions and seizures,Triptan,Acute migraine attacks,"Triptan commonly used for acute migraine attacks. Strength shown is a common product example, not a recommended patient dose.",50 mg,0.05,tablet
MED-181,Sertraline,Rx,Mental health and sleep,SSRI antidepressant,Depression and anxiety disorders,"SSRI antidepressant commonly used for depression and anxiety disorders. Strength shown is a common product example, not a recommended patient dose.",50 mg,0.05,tablet
MED-182,Fluoxetine,Rx,Mental health and sleep,SSRI antidepressant,Depression and selected anxiety/eating disorders,"SSRI antidepressant commonly used for depression and selected anxiety/eating disorders. Strength shown is a common product example, not a recommended patient dose.",20 mg,0.02,capsule
MED-183,Escitalopram,Rx,Mental health and sleep,SSRI antidepressant,Depression and anxiety disorders,"SSRI antidepressant commonly used for depression and anxiety disorders. Strength shown is a common product example, not a recommended patient dose.",10 mg,0.01,tablet
MED-184,Paroxetine,Rx,Mental health and sleep,SSRI antidepressant,Depression and anxiety disorders,"SSRI antidepressant commonly used for depression and anxiety disorders. Strength shown is a common product example, not a recommended patient dose.",20 mg,0.02,tablet
MED-185,Venlafaxine,Rx,Mental health and sleep,SNRI antidepressant,Depression and anxiety disorders,"SNRI antidepressant commonly used for depression and anxiety disorders. Strength shown is a common product example, not a recommended patient dose.",75 mg,0.075,extended-release capsule
MED-186,Duloxetine,Rx,Mental health and sleep,SNRI antidepressant,"Depression, anxiety, and neuropathic pain","SNRI antidepressant commonly used for depression, anxiety, and neuropathic pain. Strength shown is a common product example, not a recommended patient dose.",30 mg,0.03,capsule
MED-187,Amitriptyline,Rx,Mental health and sleep,Tricyclic antidepressant,Depression and selected neuropathic pain,"Tricyclic antidepressant commonly used for depression and selected neuropathic pain. Strength shown is a common product example, not a recommended patient dose.",25 mg,0.025,tablet
MED-188,Mirtazapine,Rx,Mental health and sleep,Antidepressant,Depression,"Antidepressant commonly used for depression. Strength shown is a common product example, not a recommended patient dose.",30 mg,0.03,tablet
MED-189,Bupropion,Rx,Mental health and sleep,NDRI antidepressant,Depression and smoking cessation support,"NDRI antidepressant commonly used for depression and smoking cessation support. Strength shown is a common product example, not a recommended patient dose.",150 mg,0.15,extended-release tablet
MED-190,Quetiapine,Rx,Mental health and sleep,Atypical antipsychotic,"Schizophrenia, bipolar disorder, and adjunctive depression care","Atypical antipsychotic commonly used for schizophrenia, bipolar disorder, and adjunctive depression care. Strength shown is a common product example, not a recommended patient dose.",100 mg,0.1,tablet
MED-191,Risperidone,Rx,Mental health and sleep,Atypical antipsychotic,Schizophrenia and selected mood/behavioral conditions,"Atypical antipsychotic commonly used for schizophrenia and selected mood/behavioral conditions. Strength shown is a common product example, not a recommended patient dose.",2 mg,0.002,tablet
MED-192,Olanzapine,Rx,Mental health and sleep,Atypical antipsychotic,Schizophrenia and bipolar disorder,"Atypical antipsychotic commonly used for schizophrenia and bipolar disorder. Strength shown is a common product example, not a recommended patient dose.",10 mg,0.01,tablet
MED-193,Lithium carbonate,Rx,Mental health and sleep,Mood stabilizer,Bipolar disorder maintenance,"Mood stabilizer commonly used for bipolar disorder maintenance. Strength shown is a common product example, not a recommended patient dose.",300 mg,0.3,capsule
MED-194,Clonazepam,Rx/controlled,Mental health and sleep,Benzodiazepine,Selected seizure and panic disorders,"Benzodiazepine commonly used for selected seizure and panic disorders. Strength shown is a common product example, not a recommended patient dose.",0.5 mg,0.0005,tablet
MED-195,Zolpidem,Rx/controlled,Mental health and sleep,Sedative-hypnotic,Short-term insomnia,"Sedative-hypnotic commonly used for short-term insomnia. Strength shown is a common product example, not a recommended patient dose.",10 mg,0.01,tablet
MED-196,Hydrocortisone topical,Rx,Skin and wound conditions,Topical corticosteroid,Inflammatory skin conditions,"Topical corticosteroid commonly used for inflammatory skin conditions. Strength shown is a common product example, not a recommended patient dose.",1% (10 mg/g),0.01,cream
MED-197,Betamethasone valerate,Rx,Skin and wound conditions,Topical corticosteroid,Inflammatory skin conditions,"Topical corticosteroid commonly used for inflammatory skin conditions. Strength shown is a common product example, not a recommended patient dose.",0.1% (1 mg/g),0.001,cream
MED-198,Clobetasol propionate,Rx,Skin and wound conditions,Very potent topical corticosteroid,Severe inflammatory skin conditions,"Very potent topical corticosteroid commonly used for severe inflammatory skin conditions. Strength shown is a common product example, not a recommended patient dose.",0.05% (0.5 mg/g),0.0005,cream
MED-199,Mupirocin,Rx,Skin and wound conditions,Topical antibiotic,Localized susceptible bacterial skin infections,"Topical antibiotic commonly used for localized susceptible bacterial skin infections. Strength shown is a common product example, not a recommended patient dose.",2% (20 mg/g),0.02,ointment
MED-200,Fusidic acid,Rx,Skin and wound conditions,Topical antibiotic,Localized susceptible bacterial skin infections,"Topical antibiotic commonly used for localized susceptible bacterial skin infections. Strength shown is a common product example, not a recommended patient dose.",2% (20 mg/g),0.02,cream
MED-201,Benzoyl peroxide,OTC,Skin and wound conditions,Topical acne agent,Mild to moderate acne,"Topical acne agent commonly used for mild to moderate acne. Strength shown is a common product example, not a recommended patient dose.",5% (50 mg/g),0.05,gel
MED-202,Adapalene,Rx,Skin and wound conditions,Topical retinoid,Acne,"Topical retinoid commonly used for acne. Strength shown is a common product example, not a recommended patient dose.",0.1% (1 mg/g),0.001,gel
MED-203,Tretinoin topical,Rx,Skin and wound conditions,Topical retinoid,Acne and selected photoaging care,"Topical retinoid commonly used for acne and selected photoaging care. Strength shown is a common product example, not a recommended patient dose.",0.025% (0.25 mg/g),0.00025,cream
MED-204,Azelaic acid,Rx,Skin and wound conditions,Topical dicarboxylic acid,Acne and rosacea,"Topical dicarboxylic acid commonly used for acne and rosacea. Strength shown is a common product example, not a recommended patient dose.",20% (200 mg/g),0.2,cream
MED-205,Calamine,OTC,Skin and wound conditions,Skin protectant/antipruritic,Minor itching and irritation,"Skin protectant/antipruritic commonly used for minor itching and irritation. Strength shown is a common product example, not a recommended patient dose.",8% (80 mg/mL),0.08,lotion
MED-206,Zinc oxide,OTC,Skin and wound conditions,Skin protectant,Diaper rash and minor skin irritation,"Skin protectant commonly used for diaper rash and minor skin irritation. Strength shown is a common product example, not a recommended patient dose.",20% (200 mg/g),0.2,ointment
MED-207,Silver sulfadiazine,Rx,Skin and wound conditions,Topical antimicrobial,Prevention or treatment of infection in selected burns,"Topical antimicrobial commonly used for prevention or treatment of infection in selected burns. Strength shown is a common product example, not a recommended patient dose.",1% (10 mg/g),0.01,cream
MED-208,Permethrin,Rx,Skin and wound conditions,Topical antiparasitic,Scabies or lice,"Topical antiparasitic commonly used for scabies or lice. Strength shown is a common product example, not a recommended patient dose.",5% (50 mg/g),0.05,cream
MED-209,Salicylic acid topical,OTC,Skin and wound conditions,Keratolytic,"Acne, warts, or thickened skin","Keratolytic commonly used for acne, warts, or thickened skin. Strength shown is a common product example, not a recommended patient dose.",2% (20 mg/g),0.02,solution
MED-210,Tacrolimus topical,Rx,Skin and wound conditions,Topical calcineurin inhibitor,Atopic dermatitis,"Topical calcineurin inhibitor commonly used for atopic dermatitis. Strength shown is a common product example, not a recommended patient dose.",0.1% (1 mg/g),0.001,ointment
MED-211,Carboxymethylcellulose sodium,OTC,Eye and ear conditions,Ocular lubricant,Dry-eye symptoms,"Ocular lubricant commonly used for dry-eye symptoms. Strength shown is a common product example, not a recommended patient dose.",0.5% (5 mg/mL),0.005,eye drops
MED-212,Hypromellose,OTC,Eye and ear conditions,Ocular lubricant,Dry-eye symptoms,"Ocular lubricant commonly used for dry-eye symptoms. Strength shown is a common product example, not a recommended patient dose.",0.3% (3 mg/mL),0.003,eye drops
MED-213,Ketotifen ophthalmic,OTC,Eye and ear conditions,Antihistamine/mast-cell stabilizer,Allergic conjunctivitis,"Antihistamine/mast-cell stabilizer commonly used for allergic conjunctivitis. Strength shown is a common product example, not a recommended patient dose.",0.025% (0.25 mg/mL),0.00025,eye drops
MED-214,Olopatadine ophthalmic,Rx,Eye and ear conditions,Antihistamine/mast-cell stabilizer,Allergic conjunctivitis,"Antihistamine/mast-cell stabilizer commonly used for allergic conjunctivitis. Strength shown is a common product example, not a recommended patient dose.",0.1% (1 mg/mL),0.001,eye drops
MED-215,Timolol ophthalmic,Rx,Eye and ear conditions,Beta blocker,Glaucoma and ocular hypertension,"Beta blocker commonly used for glaucoma and ocular hypertension. Strength shown is a common product example, not a recommended patient dose.",0.5% (5 mg/mL),0.005,eye drops
MED-216,Latanoprost,Rx,Eye and ear conditions,Prostaglandin analogue,Glaucoma and ocular hypertension,"Prostaglandin analogue commonly used for glaucoma and ocular hypertension. Strength shown is a common product example, not a recommended patient dose.",0.005% (0.05 mg/mL),0.00005,eye drops
MED-217,Brimonidine ophthalmic,Rx,Eye and ear conditions,Alpha-2 agonist,Glaucoma and ocular hypertension,"Alpha-2 agonist commonly used for glaucoma and ocular hypertension. Strength shown is a common product example, not a recommended patient dose.",0.2% (2 mg/mL),0.002,eye drops
MED-218,Dorzolamide ophthalmic,Rx,Eye and ear conditions,Carbonic anhydrase inhibitor,Glaucoma and ocular hypertension,"Carbonic anhydrase inhibitor commonly used for glaucoma and ocular hypertension. Strength shown is a common product example, not a recommended patient dose.",2% (20 mg/mL),0.02,eye drops
MED-219,Moxifloxacin ophthalmic,Rx,Eye and ear conditions,Fluoroquinolone antibiotic,Susceptible bacterial eye infections,"Fluoroquinolone antibiotic commonly used for susceptible bacterial eye infections. Strength shown is a common product example, not a recommended patient dose.",0.5% (5 mg/mL),0.005,eye drops
MED-220,Tobramycin ophthalmic,Rx,Eye and ear conditions,Aminoglycoside antibiotic,Susceptible bacterial eye infections,"Aminoglycoside antibiotic commonly used for susceptible bacterial eye infections. Strength shown is a common product example, not a recommended patient dose.",0.3% (3 mg/mL),0.003,eye drops
MED-221,Prednisolone acetate ophthalmic,Rx,Eye and ear conditions,Ophthalmic corticosteroid,Selected inflammatory eye conditions,"Ophthalmic corticosteroid commonly used for selected inflammatory eye conditions. Strength shown is a common product example, not a recommended patient dose.",1% (10 mg/mL),0.01,eye drops
MED-222,Atropine ophthalmic,Rx,Eye and ear conditions,Antimuscarinic/mydriatic,Pupil dilation and selected eye conditions,"Antimuscarinic/mydriatic commonly used for pupil dilation and selected eye conditions. Strength shown is a common product example, not a recommended patient dose.",1% (10 mg/mL),0.01,eye drops
MED-223,Carbamide peroxide otic,OTC,Eye and ear conditions,Cerumenolytic,Earwax removal,"Cerumenolytic commonly used for earwax removal. Strength shown is a common product example, not a recommended patient dose.",6.5% (65 mg/mL),0.065,ear drops
MED-224,Ciprofloxacin otic,Rx,Eye and ear conditions,Fluoroquinolone antibiotic,Susceptible bacterial ear infections,"Fluoroquinolone antibiotic commonly used for susceptible bacterial ear infections. Strength shown is a common product example, not a recommended patient dose.",0.3% (3 mg/mL),0.003,ear drops
MED-225,Ofloxacin otic,Rx,Eye and ear conditions,Fluoroquinolone antibiotic,Susceptible bacterial ear infections,"Fluoroquinolone antibiotic commonly used for susceptible bacterial ear infections. Strength shown is a common product example, not a recommended patient dose.",0.3% (3 mg/mL),0.003,ear drops
MED-226,Ethinylestradiol + levonorgestrel,Rx,Women’s health and contraception,Combined hormonal contraceptive,Pregnancy prevention and selected menstrual conditions,"Combined hormonal contraceptive commonly used for pregnancy prevention and selected menstrual conditions. Strength shown is a common product example, not a recommended patient dose.",30/150 mcg,,tablet
MED-227,Levonorgestrel emergency contraception,Rx,Women’s health and contraception,Progestin,Emergency contraception,"Progestin commonly used for emergency contraception. Strength shown is a common product example, not a recommended patient dose.",1.5 mg,0.0015,tablet
MED-228,Medroxyprogesterone acetate injectable,Rx,Women’s health and contraception,Progestin contraceptive,Long-acting contraception,"Progestin contraceptive commonly used for long-acting contraception. Strength shown is a common product example, not a recommended patient dose.",150 mg/mL,0.15,injection
MED-229,Norethisterone,Rx,Women’s health and contraception,Progestin,Selected menstrual disorders,"Progestin commonly used for selected menstrual disorders. Strength shown is a common product example, not a recommended patient dose.",5 mg,0.005,tablet
MED-230,Progesterone micronized,Rx,Women’s health and contraception,Progestogen,Selected progesterone-deficiency conditions,"Progestogen commonly used for selected progesterone-deficiency conditions. Strength shown is a common product example, not a recommended patient dose.",100 mg,0.1,capsule
MED-231,Estradiol,Rx,Women’s health and contraception,Estrogen,Menopausal symptoms and selected hormone therapy,"Estrogen commonly used for menopausal symptoms and selected hormone therapy. Strength shown is a common product example, not a recommended patient dose.",1 mg,0.001,tablet
MED-232,Clomifene citrate,Rx,Women’s health and contraception,Selective estrogen receptor modulator,Ovulation induction,"Selective estrogen receptor modulator commonly used for ovulation induction. Strength shown is a common product example, not a recommended patient dose.",50 mg,0.05,tablet
MED-233,Letrozole,Rx,Women’s health and contraception,Aromatase inhibitor,Breast cancer and specialist-directed ovulation induction,"Aromatase inhibitor commonly used for breast cancer and specialist-directed ovulation induction. Strength shown is a common product example, not a recommended patient dose.",2.5 mg,0.0025,tablet
MED-234,Misoprostol,Rx,Women’s health and contraception,Prostaglandin analogue,Ulcer prevention and specialist obstetric uses,"Prostaglandin analogue commonly used for ulcer prevention and specialist obstetric uses. Strength shown is a common product example, not a recommended patient dose.",200 mcg,0.0002,tablet
MED-235,Oxytocin,Rx,Women’s health and contraception,Uterotonic hormone,Induction/augmentation of labor and postpartum bleeding control,"Uterotonic hormone commonly used for induction/augmentation of labor and postpartum bleeding control. Strength shown is a common product example, not a recommended patient dose.",10 units/mL,,injection
MED-236,Methylergometrine,Rx,Women’s health and contraception,Ergot uterotonic,Prevention or treatment of postpartum bleeding,"Ergot uterotonic commonly used for prevention or treatment of postpartum bleeding. Strength shown is a common product example, not a recommended patient dose.",0.2 mg/mL,0.0002,injection
MED-237,Tranexamic acid injection,Rx,Women’s health and contraception,Antifibrinolytic,Reduction of serious bleeding including postpartum hemorrhage,"Antifibrinolytic commonly used for reduction of serious bleeding including postpartum hemorrhage. Strength shown is a common product example, not a recommended patient dose.",100 mg/mL,0.1,injection
MED-238,Clindamycin vaginal,Rx,Women’s health and contraception,Lincosamide antibiotic,Bacterial vaginosis,"Lincosamide antibiotic commonly used for bacterial vaginosis. Strength shown is a common product example, not a recommended patient dose.",2% (20 mg/g),0.02,vaginal cream
MED-239,Metronidazole vaginal,Rx,Women’s health and contraception,Nitroimidazole antimicrobial,Bacterial vaginosis,"Nitroimidazole antimicrobial commonly used for bacterial vaginosis. Strength shown is a common product example, not a recommended patient dose.",0.75% (7.5 mg/g),0.0075,vaginal gel
MED-240,Ulipristal acetate,Rx,Women’s health and contraception,Selective progesterone receptor modulator,Emergency contraception,"Selective progesterone receptor modulator commonly used for emergency contraception. Strength shown is a common product example, not a recommended patient dose.",30 mg,0.03,tablet
MED-241,Nitrofurantoin,Rx,"Urinary, prostate, and sexual health",Urinary antibiotic,Selected uncomplicated urinary tract infections,"Urinary antibiotic commonly used for selected uncomplicated urinary tract infections. Strength shown is a common product example, not a recommended patient dose.",100 mg,0.1,capsule
MED-242,Fosfomycin trometamol,Rx,"Urinary, prostate, and sexual health",Urinary antibiotic,Selected uncomplicated urinary tract infections,"Urinary antibiotic commonly used for selected uncomplicated urinary tract infections. Strength shown is a common product example, not a recommended patient dose.",3 g/sachet,3,powder
MED-243,Trimethoprim + sulfamethoxazole,Rx,"Urinary, prostate, and sexual health",Antibacterial combination,Selected urinary and other bacterial infections,"Antibacterial combination commonly used for selected urinary and other bacterial infections. Strength shown is a common product example, not a recommended patient dose.",160/800 mg,,tablet
MED-244,Phenazopyridine,Rx,"Urinary, prostate, and sexual health",Urinary analgesic,Short-term relief of urinary burning,"Urinary analgesic commonly used for short-term relief of urinary burning. Strength shown is a common product example, not a recommended patient dose.",200 mg,0.2,tablet
MED-245,Oxybutynin,Rx,"Urinary, prostate, and sexual health",Antimuscarinic,Overactive bladder,"Antimuscarinic commonly used for overactive bladder. Strength shown is a common product example, not a recommended patient dose.",5 mg,0.005,tablet
MED-246,Tolterodine,Rx,"Urinary, prostate, and sexual health",Antimuscarinic,Overactive bladder,"Antimuscarinic commonly used for overactive bladder. Strength shown is a common product example, not a recommended patient dose.",2 mg,0.002,tablet
MED-247,Mirabegron,Rx,"Urinary, prostate, and sexual health",Beta-3 agonist,Overactive bladder,"Beta-3 agonist commonly used for overactive bladder. Strength shown is a common product example, not a recommended patient dose.",25 mg,0.025,extended-release tablet
MED-248,Tamsulosin,Rx,"Urinary, prostate, and sexual health",Alpha-1 blocker,Urinary symptoms from enlarged prostate,"Alpha-1 blocker commonly used for urinary symptoms from enlarged prostate. Strength shown is a common product example, not a recommended patient dose.",0.4 mg,0.0004,capsule
MED-249,Alfuzosin,Rx,"Urinary, prostate, and sexual health",Alpha-1 blocker,Urinary symptoms from enlarged prostate,"Alpha-1 blocker commonly used for urinary symptoms from enlarged prostate. Strength shown is a common product example, not a recommended patient dose.",10 mg,0.01,extended-release tablet
MED-250,Finasteride,Rx,"Urinary, prostate, and sexual health",5-alpha-reductase inhibitor,Enlarged prostate and selected hair-loss treatment,"5-alpha-reductase inhibitor commonly used for enlarged prostate and selected hair-loss treatment. Strength shown is a common product example, not a recommended patient dose.",5 mg,0.005,tablet
MED-251,Dutasteride,Rx,"Urinary, prostate, and sexual health",5-alpha-reductase inhibitor,Enlarged prostate,"5-alpha-reductase inhibitor commonly used for enlarged prostate. Strength shown is a common product example, not a recommended patient dose.",0.5 mg,0.0005,capsule
MED-252,Sildenafil,Rx,"Urinary, prostate, and sexual health",PDE-5 inhibitor,Erectile dysfunction or selected pulmonary hypertension,"PDE-5 inhibitor commonly used for erectile dysfunction or selected pulmonary hypertension. Strength shown is a common product example, not a recommended patient dose.",50 mg,0.05,tablet
MED-253,Tadalafil,Rx,"Urinary, prostate, and sexual health",PDE-5 inhibitor,Erectile dysfunction and enlarged-prostate symptoms,"PDE-5 inhibitor commonly used for erectile dysfunction and enlarged-prostate symptoms. Strength shown is a common product example, not a recommended patient dose.",10 mg,0.01,tablet
MED-254,Allopurinol,Rx,"Urinary, prostate, and sexual health",Xanthine oxidase inhibitor,Long-term uric acid reduction in gout,"Xanthine oxidase inhibitor commonly used for long-term uric acid reduction in gout. Strength shown is a common product example, not a recommended patient dose.",100 mg,0.1,tablet
MED-255,Colchicine,Rx,"Urinary, prostate, and sexual health",Anti-inflammatory antigout medicine,Acute gout and flare prevention,"Anti-inflammatory antigout medicine commonly used for acute gout and flare prevention. Strength shown is a common product example, not a recommended patient dose.",0.5 mg,0.0005,tablet
MED-256,Levothyroxine,Rx,"Hormones, thyroid, and bone health",Thyroid hormone,Hypothyroidism maintenance,"Thyroid hormone commonly used for hypothyroidism maintenance. Strength shown is a common product example, not a recommended patient dose.",50 mcg,0.00005,tablet
MED-257,Propylthiouracil,Rx,"Hormones, thyroid, and bone health",Antithyroid medicine,Hyperthyroidism in selected situations,"Antithyroid medicine commonly used for hyperthyroidism in selected situations. Strength shown is a common product example, not a recommended patient dose.",50 mg,0.05,tablet
MED-258,Methimazole,Rx,"Hormones, thyroid, and bone health",Antithyroid medicine,Hyperthyroidism,"Antithyroid medicine commonly used for hyperthyroidism. Strength shown is a common product example, not a recommended patient dose.",5 mg,0.005,tablet
MED-259,Prednisone,Rx,"Hormones, thyroid, and bone health",Systemic corticosteroid,Inflammatory and immune-mediated conditions,"Systemic corticosteroid commonly used for inflammatory and immune-mediated conditions. Strength shown is a common product example, not a recommended patient dose.",20 mg,0.02,tablet
MED-260,Dexamethasone,Rx,"Hormones, thyroid, and bone health",Systemic corticosteroid,"Inflammatory, allergic, and selected emergency conditions","Systemic corticosteroid commonly used for inflammatory, allergic, and selected emergency conditions. Strength shown is a common product example, not a recommended patient dose.",4 mg,0.004,tablet
MED-261,Methylprednisolone,Rx,"Hormones, thyroid, and bone health",Systemic corticosteroid,Inflammatory and immune-mediated conditions,"Systemic corticosteroid commonly used for inflammatory and immune-mediated conditions. Strength shown is a common product example, not a recommended patient dose.",16 mg,0.016,tablet
MED-262,Hydrocortisone systemic,Rx,"Hormones, thyroid, and bone health",Systemic corticosteroid,Adrenal insufficiency and acute inflammatory conditions,"Systemic corticosteroid commonly used for adrenal insufficiency and acute inflammatory conditions. Strength shown is a common product example, not a recommended patient dose.",100 mg,0.1,injection vial
MED-263,Fludrocortisone,Rx,"Hormones, thyroid, and bone health",Mineralocorticoid,Selected adrenal insufficiency,"Mineralocorticoid commonly used for selected adrenal insufficiency. Strength shown is a common product example, not a recommended patient dose.",0.1 mg,0.0001,tablet
MED-264,Alendronate,Rx,"Hormones, thyroid, and bone health",Bisphosphonate,Osteoporosis,"Bisphosphonate commonly used for osteoporosis. Strength shown is a common product example, not a recommended patient dose.",70 mg,0.07,tablet
MED-265,Risedronate,Rx,"Hormones, thyroid, and bone health",Bisphosphonate,Osteoporosis,"Bisphosphonate commonly used for osteoporosis. Strength shown is a common product example, not a recommended patient dose.",35 mg,0.035,tablet
MED-266,Zoledronic acid,Rx,"Hormones, thyroid, and bone health",Bisphosphonate,Osteoporosis and selected bone complications,"Bisphosphonate commonly used for osteoporosis and selected bone complications. Strength shown is a common product example, not a recommended patient dose.",5 mg/100 mL,0.005,infusion
MED-267,Denosumab,Rx,"Hormones, thyroid, and bone health",RANKL inhibitor,Osteoporosis and selected bone complications,"RANKL inhibitor commonly used for osteoporosis and selected bone complications. Strength shown is a common product example, not a recommended patient dose.",60 mg/mL,0.06,injection
MED-268,Calcitriol,Rx,"Hormones, thyroid, and bone health",Active vitamin D analogue,Selected calcium and parathyroid disorders,"Active vitamin D analogue commonly used for selected calcium and parathyroid disorders. Strength shown is a common product example, not a recommended patient dose.",0.25 mcg,2.5e-7,capsule
MED-269,Cinacalcet,Rx,"Hormones, thyroid, and bone health",Calcimimetic,Selected hyperparathyroidism,"Calcimimetic commonly used for selected hyperparathyroidism. Strength shown is a common product example, not a recommended patient dose.",30 mg,0.03,tablet
MED-270,Desmopressin,Rx,"Hormones, thyroid, and bone health",Vasopressin analogue,Selected diabetes insipidus and bleeding disorders,"Vasopressin analogue commonly used for selected diabetes insipidus and bleeding disorders. Strength shown is a common product example, not a recommended patient dose.",0.1 mg,0.0001,tablet
MED-271,Ascorbic acid,OTC,"Vitamins, minerals, and nutrition",Vitamin C,Prevention or treatment of vitamin C deficiency,"Vitamin C commonly used for prevention or treatment of vitamin c deficiency. Strength shown is a common product example, not a recommended patient dose.",500 mg,0.5,tablet
MED-272,Cholecalciferol,OTC,"Vitamins, minerals, and nutrition",Vitamin D3,Prevention or treatment of vitamin D deficiency,"Vitamin D3 commonly used for prevention or treatment of vitamin d deficiency. Strength shown is a common product example, not a recommended patient dose.","1,000 units",,tablet
MED-273,Calcium citrate,OTC,"Vitamins, minerals, and nutrition",Calcium supplement,Calcium supplementation,"Calcium supplement commonly used for calcium supplementation. Strength shown is a common product example, not a recommended patient dose.",950 mg,0.95,tablet
MED-274,Magnesium oxide,OTC,"Vitamins, minerals, and nutrition",Magnesium supplement,Magnesium supplementation,"Magnesium supplement commonly used for magnesium supplementation. Strength shown is a common product example, not a recommended patient dose.",400 mg,0.4,tablet
MED-275,Zinc sulfate,OTC,"Vitamins, minerals, and nutrition",Zinc supplement,Prevention or treatment of zinc deficiency,"Zinc supplement commonly used for prevention or treatment of zinc deficiency. Strength shown is a common product example, not a recommended patient dose.",220 mg,0.22,capsule
MED-276,Thiamine,OTC,"Vitamins, minerals, and nutrition",Vitamin B1,Prevention or treatment of thiamine deficiency,"Vitamin B1 commonly used for prevention or treatment of thiamine deficiency. Strength shown is a common product example, not a recommended patient dose.",100 mg,0.1,tablet
MED-277,Riboflavin,OTC,"Vitamins, minerals, and nutrition",Vitamin B2,Prevention or treatment of riboflavin deficiency,"Vitamin B2 commonly used for prevention or treatment of riboflavin deficiency. Strength shown is a common product example, not a recommended patient dose.",25 mg,0.025,tablet
MED-278,Pyridoxine,OTC,"Vitamins, minerals, and nutrition",Vitamin B6,Prevention or treatment of vitamin B6 deficiency,"Vitamin B6 commonly used for prevention or treatment of vitamin b6 deficiency. Strength shown is a common product example, not a recommended patient dose.",50 mg,0.05,tablet
MED-279,Cyanocobalamin,OTC,"Vitamins, minerals, and nutrition",Vitamin B12,Prevention or treatment of vitamin B12 deficiency,"Vitamin B12 commonly used for prevention or treatment of vitamin b12 deficiency. Strength shown is a common product example, not a recommended patient dose.",500 mcg,0.0005,tablet
MED-280,Niacin,OTC,"Vitamins, minerals, and nutrition",Vitamin B3,Niacin deficiency; lipid use requires supervision,"Vitamin B3 commonly used for niacin deficiency; lipid use requires supervision. Strength shown is a common product example, not a recommended patient dose.",100 mg,0.1,tablet
MED-281,Vitamin E (alpha-tocopherol),OTC,"Vitamins, minerals, and nutrition",Vitamin E,Prevention or treatment of vitamin E deficiency,"Vitamin E commonly used for prevention or treatment of vitamin e deficiency. Strength shown is a common product example, not a recommended patient dose.",400 units,,capsule
MED-282,Multivitamins with minerals,OTC,"Vitamins, minerals, and nutrition",Vitamin/mineral combination,Dietary supplementation,"Vitamin/mineral combination commonly used for dietary supplementation. Strength shown is a common product example, not a recommended patient dose.",1 tablet,,tablet
MED-283,Potassium citrate,Rx,"Vitamins, minerals, and nutrition",Urinary alkalinizer/electrolyte,Selected kidney stone prevention,"Urinary alkalinizer/electrolyte commonly used for selected kidney stone prevention. Strength shown is a common product example, not a recommended patient dose.",10 mEq,,extended-release tablet
MED-284,Sodium bicarbonate,OTC,"Vitamins, minerals, and nutrition",Alkalinizing agent/antacid,Selected acidosis or short-term indigestion,"Alkalinizing agent/antacid commonly used for selected acidosis or short-term indigestion. Strength shown is a common product example, not a recommended patient dose.",650 mg,0.65,tablet
MED-285,Amino acid solution,Rx,"Vitamins, minerals, and nutrition",Parenteral nutrition component,Protein provision when enteral feeding is inadequate,"Parenteral nutrition component commonly used for protein provision when enteral feeding is inadequate. Strength shown is a common product example, not a recommended patient dose.",10% (100 mg/mL),0.1,infusion
MED-286,Methotrexate,Rx,Cancer and supportive therapy,Antimetabolite/immunomodulator,Selected cancers and autoimmune diseases,"Antimetabolite/immunomodulator commonly used for selected cancers and autoimmune diseases. Strength shown is a common product example, not a recommended patient dose.",2.5 mg,0.0025,tablet
MED-287,Cyclophosphamide,Rx,Cancer and supportive therapy,Alkylating antineoplastic,Selected cancers and immune disorders,"Alkylating antineoplastic commonly used for selected cancers and immune disorders. Strength shown is a common product example, not a recommended patient dose.",500 mg,0.5,injection vial
MED-288,Doxorubicin,Rx,Cancer and supportive therapy,Anthracycline antineoplastic,Selected cancers,"Anthracycline antineoplastic commonly used for selected cancers. Strength shown is a common product example, not a recommended patient dose.",50 mg,0.05,injection vial
MED-289,Cisplatin,Rx,Cancer and supportive therapy,Platinum antineoplastic,Selected cancers,"Platinum antineoplastic commonly used for selected cancers. Strength shown is a common product example, not a recommended patient dose.",1 mg/mL,0.001,infusion
MED-290,Carboplatin,Rx,Cancer and supportive therapy,Platinum antineoplastic,Selected cancers,"Platinum antineoplastic commonly used for selected cancers. Strength shown is a common product example, not a recommended patient dose.",10 mg/mL,0.01,infusion
MED-291,Paclitaxel,Rx,Cancer and supportive therapy,Taxane antineoplastic,Selected cancers,"Taxane antineoplastic commonly used for selected cancers. Strength shown is a common product example, not a recommended patient dose.",6 mg/mL,0.006,infusion
MED-292,Docetaxel,Rx,Cancer and supportive therapy,Taxane antineoplastic,Selected cancers,"Taxane antineoplastic commonly used for selected cancers. Strength shown is a common product example, not a recommended patient dose.",20 mg/mL,0.02,infusion
MED-293,Tamoxifen,Rx,Cancer and supportive therapy,Selective estrogen receptor modulator,Hormone-receptor-positive breast cancer,"Selective estrogen receptor modulator commonly used for hormone-receptor-positive breast cancer. Strength shown is a common product example, not a recommended patient dose.",20 mg,0.02,tablet
MED-294,Anastrozole,Rx,Cancer and supportive therapy,Aromatase inhibitor,Hormone-receptor-positive breast cancer,"Aromatase inhibitor commonly used for hormone-receptor-positive breast cancer. Strength shown is a common product example, not a recommended patient dose.",1 mg,0.001,tablet
MED-295,Imatinib,Rx,Cancer and supportive therapy,Tyrosine kinase inhibitor,Selected leukemias and tumors,"Tyrosine kinase inhibitor commonly used for selected leukemias and tumors. Strength shown is a common product example, not a recommended patient dose.",400 mg,0.4,tablet
MED-296,Trastuzumab,Rx,Cancer and supportive therapy,HER2-targeted monoclonal antibody,HER2-positive cancers,"HER2-targeted monoclonal antibody commonly used for her2-positive cancers. Strength shown is a common product example, not a recommended patient dose.",150 mg,0.15,injection vial
MED-297,Filgrastim,Rx,Cancer and supportive therapy,Granulocyte colony-stimulating factor,Prevention or treatment of neutropenia,"Granulocyte colony-stimulating factor commonly used for prevention or treatment of neutropenia. Strength shown is a common product example, not a recommended patient dose.",300 mcg/mL,0.0003,injection
MED-298,Pegfilgrastim,Rx,Cancer and supportive therapy,Long-acting G-CSF,Prevention of chemotherapy-associated neutropenia,"Long-acting G-CSF commonly used for prevention of chemotherapy-associated neutropenia. Strength shown is a common product example, not a recommended patient dose.",6 mg/0.6 mL,0.006,injection
MED-299,Mesna,Rx,Cancer and supportive therapy,Uroprotective agent,Prevention of urinary toxicity from selected chemotherapy,"Uroprotective agent commonly used for prevention of urinary toxicity from selected chemotherapy. Strength shown is a common product example, not a recommended patient dose.",400 mg,0.4,tablet/injection
MED-300,Palonosetron,Rx,Cancer and supportive therapy,5-HT3 antagonist antiemetic,Prevention of chemotherapy-related nausea and vomiting,"5-HT3 antagonist antiemetic commonly used for prevention of chemotherapy-related nausea and vomiting. Strength shown is a common product example, not a recommended patient dose.",0.25 mg/5 mL,0.00025,injection
MED-301,Epinephrine,Rx,"Emergency, hospital, and critical care",Adrenergic agonist,Anaphylaxis and selected resuscitation uses,"Adrenergic agonist commonly used for anaphylaxis and selected resuscitation uses. Strength shown is a common product example, not a recommended patient dose.",1 mg/mL,0.001,injection
MED-302,Norepinephrine,Rx,"Emergency, hospital, and critical care",Vasopressor,Severe hypotension or septic shock,"Vasopressor commonly used for severe hypotension or septic shock. Strength shown is a common product example, not a recommended patient dose.",1 mg/mL,0.001,infusion concentrate
MED-303,Dopamine,Rx,"Emergency, hospital, and critical care",Vasopressor/inotrope,Selected shock or low cardiac output states,"Vasopressor/inotrope commonly used for selected shock or low cardiac output states. Strength shown is a common product example, not a recommended patient dose.",40 mg/mL,0.04,infusion concentrate
MED-304,Dobutamine,Rx,"Emergency, hospital, and critical care",Inotrope,Selected acute heart failure or low-output states,"Inotrope commonly used for selected acute heart failure or low-output states. Strength shown is a common product example, not a recommended patient dose.",12.5 mg/mL,0.0125,infusion concentrate
MED-305,Atropine sulfate injection,Rx,"Emergency, hospital, and critical care",Antimuscarinic,Selected symptomatic bradycardia and poisoning,"Antimuscarinic commonly used for selected symptomatic bradycardia and poisoning. Strength shown is a common product example, not a recommended patient dose.",1 mg/10 mL,0.001,injection
MED-306,Adenosine,Rx,"Emergency, hospital, and critical care",Antiarrhythmic,Selected supraventricular tachycardia,"Antiarrhythmic commonly used for selected supraventricular tachycardia. Strength shown is a common product example, not a recommended patient dose.",6 mg/2 mL,0.006,injection
MED-307,Amiodarone,Rx,"Emergency, hospital, and critical care",Antiarrhythmic,Selected serious arrhythmias,"Antiarrhythmic commonly used for selected serious arrhythmias. Strength shown is a common product example, not a recommended patient dose.",200 mg,0.2,tablet
MED-308,Labetalol,Rx,"Emergency, hospital, and critical care",Alpha/beta blocker,Severe hypertension and selected acute settings,"Alpha/beta blocker commonly used for severe hypertension and selected acute settings. Strength shown is a common product example, not a recommended patient dose.",5 mg/mL,0.005,injection
MED-309,Magnesium sulfate,Rx,"Emergency, hospital, and critical care",Electrolyte/anticonvulsant,"Selected magnesium deficiency, arrhythmia, and eclampsia care","Electrolyte/anticonvulsant commonly used for selected magnesium deficiency, arrhythmia, and eclampsia care. Strength shown is a common product example, not a recommended patient dose.",500 mg/mL,0.5,injection
MED-310,Calcium gluconate,Rx,"Emergency, hospital, and critical care",Calcium salt,Selected acute hypocalcemia or hyperkalemia care,"Calcium salt commonly used for selected acute hypocalcemia or hyperkalemia care. Strength shown is a common product example, not a recommended patient dose.",100 mg/mL,0.1,injection
MED-311,Sodium chloride 0.9%,Rx,"Emergency, hospital, and critical care",Isotonic crystalloid,Fluid replacement and medication dilution,"Isotonic crystalloid commonly used for fluid replacement and medication dilution. Strength shown is a common product example, not a recommended patient dose.",9 mg/mL,0.009,infusion
MED-312,Dextrose 50%,Rx,"Emergency, hospital, and critical care",Concentrated glucose,Severe hypoglycemia,"Concentrated glucose commonly used for severe hypoglycemia. Strength shown is a common product example, not a recommended patient dose.",500 mg/mL,0.5,injection
MED-313,Naloxone,Rx,"Emergency, hospital, and critical care",Opioid antagonist,Reversal of opioid overdose,"Opioid antagonist commonly used for reversal of opioid overdose. Strength shown is a common product example, not a recommended patient dose.",0.4 mg/mL,0.0004,injection
MED-314,Flumazenil,Rx,"Emergency, hospital, and critical care",Benzodiazepine antagonist,Selected benzodiazepine reversal,"Benzodiazepine antagonist commonly used for selected benzodiazepine reversal. Strength shown is a common product example, not a recommended patient dose.",0.1 mg/mL,0.0001,injection
MED-315,Activated charcoal,Rx/emergency use,"Emergency, hospital, and critical care",Gastrointestinal adsorbent,Selected poisonings under professional guidance,"Gastrointestinal adsorbent commonly used for selected poisonings under professional guidance. Strength shown is a common product example, not a recommended patient dose.",25 g,25,oral suspension
MED-316,Hydroxychloroquine,Rx,Rheumatology and immune conditions,Antimalarial/immunomodulator,Lupus and rheumatoid arthritis,"Antimalarial/immunomodulator commonly used for lupus and rheumatoid arthritis. Strength shown is a common product example, not a recommended patient dose.",200 mg,0.2,tablet
MED-317,Sulfasalazine,Rx,Rheumatology and immune conditions,DMARD/anti-inflammatory,Rheumatoid arthritis and inflammatory bowel disease,"DMARD/anti-inflammatory commonly used for rheumatoid arthritis and inflammatory bowel disease. Strength shown is a common product example, not a recommended patient dose.",500 mg,0.5,tablet
MED-318,Leflunomide,Rx,Rheumatology and immune conditions,DMARD,Rheumatoid arthritis,"DMARD commonly used for rheumatoid arthritis. Strength shown is a common product example, not a recommended patient dose.",20 mg,0.02,tablet
MED-319,Azathioprine,Rx,Rheumatology and immune conditions,Immunosuppressant,Selected autoimmune disease and transplant care,"Immunosuppressant commonly used for selected autoimmune disease and transplant care. Strength shown is a common product example, not a recommended patient dose.",50 mg,0.05,tablet
MED-320,Mycophenolate mofetil,Rx,Rheumatology and immune conditions,Immunosuppressant,Transplant rejection prevention and selected autoimmune disease,"Immunosuppressant commonly used for transplant rejection prevention and selected autoimmune disease. Strength shown is a common product example, not a recommended patient dose.",500 mg,0.5,tablet
MED-321,Cyclosporine,Rx,Rheumatology and immune conditions,Calcineurin inhibitor,Transplant and selected autoimmune conditions,"Calcineurin inhibitor commonly used for transplant and selected autoimmune conditions. Strength shown is a common product example, not a recommended patient dose.",100 mg,0.1,capsule
MED-322,Tacrolimus systemic,Rx,Rheumatology and immune conditions,Calcineurin inhibitor,Transplant rejection prevention,"Calcineurin inhibitor commonly used for transplant rejection prevention. Strength shown is a common product example, not a recommended patient dose.",1 mg,0.001,capsule
MED-323,Adalimumab,Rx,Rheumatology and immune conditions,TNF inhibitor,Selected inflammatory autoimmune diseases,"TNF inhibitor commonly used for selected inflammatory autoimmune diseases. Strength shown is a common product example, not a recommended patient dose.",40 mg/0.4 mL,0.04,injection
MED-324,Etanercept,Rx,Rheumatology and immune conditions,TNF inhibitor,Selected inflammatory autoimmune diseases,"TNF inhibitor commonly used for selected inflammatory autoimmune diseases. Strength shown is a common product example, not a recommended patient dose.",50 mg/mL,0.05,injection
MED-325,Infliximab,Rx,Rheumatology and immune conditions,TNF inhibitor,Selected inflammatory autoimmune diseases,"TNF inhibitor commonly used for selected inflammatory autoimmune diseases. Strength shown is a common product example, not a recommended patient dose.",100 mg,0.1,infusion vial
MED-326,Secukinumab,Rx,Rheumatology and immune conditions,IL-17 inhibitor,Selected psoriasis and inflammatory arthritis,"IL-17 inhibitor commonly used for selected psoriasis and inflammatory arthritis. Strength shown is a common product example, not a recommended patient dose.",150 mg/mL,0.15,injection
MED-327,Tofacitinib,Rx,Rheumatology and immune conditions,JAK inhibitor,Selected inflammatory autoimmune diseases,"JAK inhibitor commonly used for selected inflammatory autoimmune diseases. Strength shown is a common product example, not a recommended patient dose.",5 mg,0.005,tablet
MED-328,Baricitinib,Rx,Rheumatology and immune conditions,JAK inhibitor,Selected inflammatory autoimmune diseases,"JAK inhibitor commonly used for selected inflammatory autoimmune diseases. Strength shown is a common product example, not a recommended patient dose.",4 mg,0.004,tablet
MED-329,Probenecid,Rx,Rheumatology and immune conditions,Uricosuric,Long-term uric acid reduction in selected gout patients,"Uricosuric commonly used for long-term uric acid reduction in selected gout patients. Strength shown is a common product example, not a recommended patient dose.",500 mg,0.5,tablet
MED-330,Febuxostat,Rx,Rheumatology and immune conditions,Xanthine oxidase inhibitor,Long-term uric acid reduction in gout,"Xanthine oxidase inhibitor commonly used for long-term uric acid reduction in gout. Strength shown is a common product example, not a recommended patient dose.",40 mg,0.04,tablet
MED-331,Chlorhexidine gluconate oral rinse,Rx,"Dental, mouth, and miscellaneous maintenance",Oral antiseptic,Gingivitis and oral hygiene support,"Oral antiseptic commonly used for gingivitis and oral hygiene support. Strength shown is a common product example, not a recommended patient dose.",0.12% (1.2 mg/mL),0.0012,mouth rinse
MED-332,Benzydamine,OTC,"Dental, mouth, and miscellaneous maintenance",Topical oral NSAID,Painful inflammatory mouth or throat conditions,"Topical oral NSAID commonly used for painful inflammatory mouth or throat conditions. Strength shown is a common product example, not a recommended patient dose.",0.15% (1.5 mg/mL),0.0015,mouthwash/spray
MED-333,Triamcinolone acetonide oral paste,Rx,"Dental, mouth, and miscellaneous maintenance",Topical corticosteroid,Inflammatory oral ulcers,"Topical corticosteroid commonly used for inflammatory oral ulcers. Strength shown is a common product example, not a recommended patient dose.",0.1% (1 mg/g),0.001,oral paste
MED-334,Sodium fluoride,OTC,"Dental, mouth, and miscellaneous maintenance",Anticaries agent,Prevention of dental caries,"Anticaries agent commonly used for prevention of dental caries. Strength shown is a common product example, not a recommended patient dose.",0.05% (0.5 mg/mL),0.0005,mouth rinse
MED-335,Pilocarpine,Rx,"Dental, mouth, and miscellaneous maintenance",Muscarinic agonist,Dry mouth from selected conditions,"Muscarinic agonist commonly used for dry mouth from selected conditions. Strength shown is a common product example, not a recommended patient dose.",5 mg,0.005,tablet
MED-336,Ursodeoxycholic acid,Rx,"Dental, mouth, and miscellaneous maintenance",Bile acid,Selected cholestatic liver disease and gallstones,"Bile acid commonly used for selected cholestatic liver disease and gallstones. Strength shown is a common product example, not a recommended patient dose.",300 mg,0.3,capsule
MED-337,Silymarin,OTC,"Dental, mouth, and miscellaneous maintenance",Herbal liver-support product,Supplemental liver support; evidence varies,"Herbal liver-support product commonly used for supplemental liver support; evidence varies. Strength shown is a common product example, not a recommended patient dose.",140 mg,0.14,capsule
MED-338,Rifaximin,Rx,"Dental, mouth, and miscellaneous maintenance",Rifamycin antibiotic,Selected hepatic encephalopathy and intestinal conditions,"Rifamycin antibiotic commonly used for selected hepatic encephalopathy and intestinal conditions. Strength shown is a common product example, not a recommended patient dose.",550 mg,0.55,tablet
MED-339,Mesalamine,Rx,"Dental, mouth, and miscellaneous maintenance",5-aminosalicylate,Ulcerative colitis maintenance,"5-aminosalicylate commonly used for ulcerative colitis maintenance. Strength shown is a common product example, not a recommended patient dose.",800 mg,0.8,delayed-release tablet
MED-340,Budesonide oral,Rx,"Dental, mouth, and miscellaneous maintenance",Corticosteroid,Selected inflammatory bowel disease,"Corticosteroid commonly used for selected inflammatory bowel disease. Strength shown is a common product example, not a recommended patient dose.",3 mg,0.003,capsule
MED-341,Pancrelipase,Rx,"Dental, mouth, and miscellaneous maintenance",Pancreatic enzyme,Pancreatic enzyme replacement,"Pancreatic enzyme commonly used for pancreatic enzyme replacement. Strength shown is a common product example, not a recommended patient dose.","10,000 lipase units",,capsule
MED-342,Sevelamer carbonate,Rx,"Dental, mouth, and miscellaneous maintenance",Phosphate binder,High phosphate in chronic kidney disease,"Phosphate binder commonly used for high phosphate in chronic kidney disease. Strength shown is a common product example, not a recommended patient dose.",800 mg,0.8,tablet
MED-343,Calcium acetate,Rx,"Dental, mouth, and miscellaneous maintenance",Phosphate binder,High phosphate in end-stage kidney disease,"Phosphate binder commonly used for high phosphate in end-stage kidney disease. Strength shown is a common product example, not a recommended patient dose.",667 mg,0.667,capsule
MED-344,Sodium polystyrene sulfonate,Rx,"Dental, mouth, and miscellaneous maintenance",Potassium-binding resin,Selected hyperkalemia treatment,"Potassium-binding resin commonly used for selected hyperkalemia treatment. Strength shown is a common product example, not a recommended patient dose.",15 g,15,powder
MED-345,Erythropoietin beta,Rx,"Dental, mouth, and miscellaneous maintenance",Erythropoiesis-stimulating agent,Selected anemia due to chronic kidney disease,"Erythropoiesis-stimulating agent commonly used for selected anemia due to chronic kidney disease. Strength shown is a common product example, not a recommended patient dose.","5,000 units/mL",,injection
